website,CNAME,tracker-provider
asadventure.nl,asadventure.nl.ssl.sc.omtrdc.net.,sc.omtrdc.net,Adobe
asnbank.nl,asnbank.nl.ssl.sc.omtrdc.net.,sc.omtrdc.net,Adobe
beterhoren.nl,beterhoren.nl.data.adobedc.net.,data.adobedc.net,Adobe
betterplaces.nl,custom.plausible.io.,custom.plausible.io,Plausible Analytics
bever.nl,bever.nl.ssl.sc.omtrdc.net.,sc.omtrdc.net,Adobe
blgwonen.nl,blgwonen.nl.ssl.sc.omtrdc.net.,sc.omtrdc.net,Adobe
consumentenbond.nl,consumentenbond.nl.102.112.2o7.net.,2o7.net,Adobe
cz.nl,p06g.hs.eloqua.com.,hs.eloqua.com,Oracle Eloqua
disney.nl,disney.nl.ssl.sc.omtrdc.net.,sc.omtrdc.net,Adobe
douglas.nl,douglas.nl.data.adobedc.net.,data.adobedc.net,Adobe
dyson.nl,dyson.nl.ssl.sc.omtrdc.net.,sc.omtrdc.net,Adobe
esprit.nl,esprit.nl.ssl.sc.omtrdc.net.,sc.omtrdc.net,Adobe
esri.nl,esri.nl.ssl.sc.omtrdc.net.,sc.omtrdc.net,Adobe
essent.nl,essent.nl.ssl.d2.sc.omtrdc.net.,sc.omtrdc.net,Adobe
home24.nl,lb1.affex.org.,affex.org,Ingenious technologies
hornbach.nl,hornbach-02.wt-eu02.net.,wt-eu02.net,WebTrekk
jeugdbibliotheek.nl,jeugdbibliotheek.nl.ssl.sc.omtrdc.net.,sc.omtrdc.net,Adobe
kijk.nl,kijk.nl.ssl.sc.omtrdc.net.,sc.omtrdc.net,Adobe
large.nl,emp01.wt-eu02.net.,wt-eu02.net,WebTrekk
liander.nl,liander.nl.102.122.2o7.net.,2o7.net,Adobe
maatwerkonline.nl,afc4d9aa2a91d11e997c60ac8a4ec150-2082092489.eu-central-1.elb.amazonaws.com.,afc4d9aa2a91d11e997c60ac8a4ec150-2082092489.eu-central-1.elb.amazonaws.com,TraceDock
milieudefensie.nl,adepci3.actonsoftware.com.,actonsoftware.com,Act-On
npo.nl,atconnect-npo-nl-cddc.at-o.net.,at-o.net,AT Internet
nti.nl,aiepci6.actonsoftware.com.,actonsoftware.com,Act-On
overstappen.nl,a351fec2c318c11ea9b9b0a0ae18fb0b-1529426863.eu-central-1.elb.amazonaws.com.,a351fec2c318c11ea9b9b0a0ae18fb0b-1529426863.eu-central-1.elb.amazonaws.com,TraceDock
qwic.nl,afc4d9aa2a91d11e997c60ac8a4ec150-2082092489.eu-central-1.elb.amazonaws.com.,afc4d9aa2a91d11e997c60ac8a4ec150-2082092489.eu-central-1.elb.amazonaws.com,TraceDock
regiobank.nl,regiobank.nl.ssl.sc.omtrdc.net.,sc.omtrdc.net,Adobe
robeco.nl,robeco.nl.ssl.sc.omtrdc.net.,sc.omtrdc.net,Adobe
sdim.nl,afc4d9aa2a91d11e997c60ac8a4ec150-2082092489.eu-central-1.elb.amazonaws.com.,afc4d9aa2a91d11e997c60ac8a4ec150-2082092489.eu-central-1.elb.amazonaws.com,TraceDock
snsbank.nl,snsbank.nl.102.122.2o7.net.,2o7.net,Adobe
stepstone.nl,stepstone.nl.data.adobedc.net.,data.adobedc.net,Adobe
unive.nl,unive.nl.data.adobedc.net.,data.adobedc.net,Adobe
webinar.nl,aiepci2.actonsoftware.com.,actonsoftware.com,Act-On
yoobi.nl,adepci4.actonsoftware.com.,actonsoftware.com,Act-On
